timestamp,temperature_c,humidity_pct
2026-10-02T18:28:24,29.4,52.0
2026-10-02T18:28:40,29.4,52.0
2026-10-02T18:28:57,29.4,52.0
2026-10-02T18:29:13,29.4,52.0
2026-10-02T18:29:29,29.7,52.0
2026-10-02T18:29:45,29.4,55.0
2026-10-02T18:30:02,29.6,54.0
2026-10-02T18:30:19,29.6,53.0
2026-10-02T18:30:35,29.7,53.0
2026-10-02T18:30:52,29.7,53.0
2026-10-02T18:31:13,29.7,53.0
2026-10-02T18:31:31,29.7,52.0
2026-10-02T18:31:48,29.7,52.0
2026-10-02T18:32:04,29.6,51.0
2026-10-02T18:33:00,29.6,51.0
2026-10-02T18:33:43,29.7,52.0
2026-10-02T18:33:59,29.7,53.0
2026-10-02T18:34:16,29.8,53.0
2026-10-02T18:34:32,29.8,53.0
2026-10-02T18:34:50,30.0,52.0
2026-10-02T18:35:09,30.0,52.0
2026-10-02T18:35:25,30.0,52.0
2026-10-02T18:35:41,30.0,52.0
2026-10-02T18:35:57,30.0,51.0
2026-10-02T18:36:13,30.0,51.0
2026-10-02T18:36:30,30.0,51.0
2026-10-02T18:36:50,30.1,51.0
2026-10-02T18:37:07,30.1,51.0
2026-10-02T18:37:27,30.1,52.0
2026-10-02T18:37:43,30.1,52.0
2026-10-02T18:38:00,30.1,52.0
2026-10-02T18:38:16,30.1,52.0
2026-10-02T18:38:33,30.1,51.0
2026-10-02T18:38:49,30.1,52.0
2026-10-02T18:39:05,30.1,51.0
2026-10-02T18:39:23,30.1,51.0
2026-10-02T18:39:39,30.1,51.0
2026-10-02T18:39:56,30.1,51.0
2026-10-02T18:40:12,30.1,51.0
2026-10-02T18:40:28,30.0,51.0
2026-10-02T18:40:45,30.0,50.0
2026-10-02T18:41:02,30.0,50.0
2026-10-02T18:41:18,29.8,51.0
2026-10-02T18:41:38,29.7,52.0
2026-10-02T18:42:28,29.7,52.0
2026-10-02T18:42:44,29.7,52.0
2026-10-02T18:43:00,29.7,52.0
2026-10-02T18:44:36,29.7,51.0
2026-10-02T18:44:52,29.7,51.0
2026-10-02T18:45:08,29.7,51.0
2026-10-02T18:45:32,29.7,51.0
2026-10-02T18:46:05,29.7,51.0
2026-10-02T18:46:21,29.7,51.0
2026-10-02T18:46:38,29.7,51.0
2026-10-02T18:46:54,29.7,51.0
2026-10-02T18:47:10,29.7,53.0
2026-10-02T18:47:44,30.1,52.0
2026-10-02T18:48:00,30.1,50.0
2026-10-02T18:48:17,30.2,56.0
2026-10-02T18:48:33,30.2,55.0
2026-10-02T18:48:51,30.2,54.0
2026-10-02T18:49:07,30.2,54.0
2026-10-02T18:49:23,30.2,54.0
2026-10-02T18:49:39,30.2,53.0
2026-10-02T18:49:56,30.2,53.0
2026-10-02T18:50:12,30.2,52.0
2026-10-02T18:50:53,30.2,51.0
2026-10-02T18:51:09,30.2,51.0
2026-10-02T18:51:25,30.1,51.0
2026-10-02T18:51:42,30.1,51.0
2026-10-02T18:52:00,30.1,51.0
2026-10-02T18:53:00,30.1,50.0
2026-10-02T18:53:16,30.1,51.0
2026-10-02T18:53:33,30.1,51.0
2026-10-02T18:53:49,30.1,51.0
2026-10-02T18:54:05,30.2,51.0
2026-10-02T18:54:21,30.2,51.0
2026-10-02T18:54:37,30.2,51.0
2026-10-02T18:54:53,30.2,51.0
2026-10-02T18:55:09,30.3,52.0
2026-10-02T18:55:27,30.2,51.0
2026-10-02T18:55:44,30.3,51.0
2026-10-02T18:56:00,30.3,52.0
2026-10-02T18:56:16,30.3,52.0
2026-10-02T18:56:32,30.3,52.0
2026-10-02T18:56:48,30.3,51.0
2026-10-02T18:57:04,30.3,51.0
2026-10-02T18:57:21,30.3,51.0
2026-10-02T18:57:37,30.4,51.0
2026-10-02T18:57:53,30.4,51.0
2026-10-02T19:00:37,31.6,52.0
2026-10-02T19:00:53,31.6,52.0
2026-10-02T19:01:10,31.5,54.0
2026-10-02T19:01:32,31.5,50.0
